{"cameraMode":{"drawMode":0,"name":"Shaded","section":"Shading Mode"},"sceneLighting":true,"audioPlay":false,"sceneViewState":{"showFog":true,"showMaterialUpdate":false,"showSkybox":true,"showFlares":true,"showImageEffects":true,"showParticleSystems":true},"in2DMode":false,"pivot":{"x":197.40167236328126,"y":58.783226013183597,"z":-3.7854158878326418},"rotation":{"x":-0.11848987638950348,"y":-0.0262119360268116,"z":0.0031310361810028555,"w":-0.992612898349762},"size":84.62786102294922,"orthographic":false}