{"cameraMode":{"drawMode":0,"name":"Shaded","section":"Shading Mode"},"sceneLighting":true,"audioPlay":false,"sceneViewState":{"showFog":true,"showMaterialUpdate":false,"showSkybox":true,"showFlares":true,"showImageEffects":true,"showParticleSystems":true},"in2DMode":false,"pivot":{"x":-92.6641845703125,"y":-24.505765914916993,"z":86.78072357177735},"rotation":{"x":-0.09009680896997452,"y":0.045400336384773257,"z":-0.004083392675966024,"w":-0.9949137568473816},"size":87.82123565673828,"orthographic":false}